first_name;last_name;email;gender;address
Christal;Birkenshaw;cbirkenshaw0@mail.ru;Female;8 Vidon Way
Hazel;Beckwith;hbeckwith1@yahoo.co.jp;Female;7 Mcguire Road
Stanislaus;Duffil;sduffil2@narod.ru;Male;41572 Granby Drive
Deck;Eggleton;deggleton3@hugedomains.com;Male;53 Cardinal Center
Pamella;Pevie;ppevie4@theguardian.com;Female;7446 Dunning Drive
Kay;Dalliwater;kdalliwater5@bigcartel.com;Female;4667 Stang Terrace
Reggie;Lavender;rlavender6@youtu.be;Male;3 Pankratz Court
Matty;Penhaligon;mpenhaligon7@umich.edu;Female;07 Jenifer Junction
Blithe;Tackle;btackle8@dailymail.co.uk;Female;5 Village Center
Arlinda;Ashfold;aashfold9@ucoz.com;Female;829 Springs Alley
Margaret;Yearn;myearna@home.pl;Female;3 Scofield Drive
Gerry;Criag;gcriagb@soundcloud.com;Male;83078 Scott Court
Nefen;Lyal;nlyalc@netvibes.com;Male;04 Charing Cross Parkway
Marsiella;Maloney;mmaloneyd@house.gov;Female;69918 Lakeland Point
Julio;Abrams;jabramse@scribd.com;Bigender;78530 Sullivan Hill
Grady;Elsegood;gelsegoodf@dedecms.com;Male;85 Springview Crossing
Alexandros;MattiCCI;amatticcig@pbs.org;Male;733 Parkside Lane
Shantee;Riseam;sriseamh@miitbeian.gov.cn;Female;5798 Wayridge Avenue
Kassia;Tye;ktyei@epa.gov;Female;4 Alpine Plaza
Stu;Garment;sgarmentj@ted.com;Male;0100 Larry Drive
Laraine;Pilling;lpillingk@accuweather.com;Female;6388 Kim Lane
Janenna;Fley;jfleyl@npr.org;Female;55 Ludington Pass
Elisha;Balderson;ebaldersonm@youtube.com;Male;2 Reindahl Lane
Vanessa;Kiggel;vkiggeln@kickstarter.com;Female;537 Northridge Crossing
Derwin;Lake;dlakeo@artisteer.com;Male;442 Harbort Hill
Winny;Flescher;wflescherp@dailymotion.com;Male;08009 Forest Dale Point
Beverlie;Idel;bidelq@jalbum.net;Female;33 Heath Terrace
Inge;Scardafield;iscardafieldr@springer.com;Female;0 Karstens Way
Booth;Leader;bleaders@businessweek.com;Male;07 Lunder Trail
Ken;Coulthard;kcoulthardt@arstechnica.com;Male;7 Center Way
Ammamaria;Wimes;awimesu@whitehouse.gov;Female;7 Macpherson Junction
Ynes;Woodier;ywoodierv@seattletimes.com;Female;827 Dawn Crossing
Shaun;Hubber;shubberw@live.com;Female;20703 Delladonna Plaza
Arther;Keele;akeelex@google.co.jp;Male;99 Hanson Trail
Mikol;Courtenay;mcourtenayy@flickr.com;Male;29 Sage Junction
Laurella;Jarmyn;ljarmynz@ehow.com;Bigender;7 Clove Center
Catherin;Ashburner;cashburner10@dot.gov;Female;1806 Sheridan Trail
Johnath;Mougel;jmougel11@businessinsider.com;Female;14 Daystar Road
Margie;Catlette;mcatlette12@state.gov;Female;67 Mcguire Way
Renault;Sandbatch;rsandbatch13@hibu.com;Male;0531 Monument Park
Nowell;Littrick;nlittrick14@abc.net.au;Male;809 Pankratz Drive
Judas;Eggins;jeggins15@flavors.me;Male;038 Superior Street
Joly;Mishaw;jmishaw16@fc2.com;Female;6716 Riverside Drive
Arabela;Annand;aannand17@usatoday.com;Female;8 Grayhawk Street
Fayre;Watmough;fwatmough18@elegantthemes.com;Female;032 Northview Circle
Sully;Luke;sluke19@is.gd;Male;3 Fordem Place
Parrnell;Cicchelli;pcicchelli1a@springer.com;Male;0 Michigan Pass
Les;Treske;ltreske1b@go.com;Male;2988 Kenwood Center
Herve;Crone;hcrone1c@fda.gov;Male;23471 Fulton Way
Selig;Jagger;sjagger1d@comsenz.com;Male;683 Boyd Terrace
Hayley;Ridewood;hridewood1e@gnu.org;Polygender;1530 Lyons Avenue
Elianore;Diano;ediano1f@ftc.gov;Female;8053 Stephen Street
Rochette;Vakhrushin;rvakhrushin1g@tamu.edu;Female;947 Paget Park
Jayme;Arber;jarber1h@google.co.jp;Male;83529 Meadow Valley Pass
Herb;Chitter;hchitter1i@microsoft.com;Male;42686 Mayer Park
Danie;Sharrier;dsharrier1j@ifeng.com;Male;6868 Chinook Road
Barnard;Scotchbrook;bscotchbrook1k@lycos.com;Male;916 Texas Way
Jaquelin;Calcraft;jcalcraft1l@naver.com;Female;0 Forest Dale Parkway
Tania;Doy;tdoy1m@ihg.com;Agender;83611 Schlimgen Court
Seward;Bloodworth;sbloodworth1n@icq.com;Male;6 Kim Point
Sasha;Ferentz;sferentz1o@guardian.co.uk;Male;52 Eastwood Avenue
Jacquie;Korpal;jkorpal1p@nyu.edu;Female;57 Bellgrove Court
Allen;Excell;aexcell1q@parallels.com;Male;3026 Havey Junction
Bat;Cattini;bcattini1r@symantec.com;Male;54672 Milwaukee Parkway
Ethyl;Kerley;ekerley1s@google.pl;Female;022 Talisman Parkway
Hubey;Schulze;hschulze1t@goodreads.com;Male;2301 Talmadge Center
Tedmund;Morson;tmorson1u@chicagotribune.com;Male;8 Acker Circle
Reine;Aslie;raslie1v@discovery.com;Female;4781 Brentwood Way
Yardley;McColley;ymccolley1w@wsj.com;Male;520 Brickson Park Plaza
Arly;Risebarer;arisebarer1x@hexun.com;Female;8 Hovde Point
Myrilla;Idell;midell1y@amazon.de;Female;60 Northland Hill
Damien;Ingold;dingold1z@ocn.ne.jp;Male;74658 Acker Junction
Othella;Roseby;oroseby20@tinypic.com;Female;233 Linden Court
Jayne;Conner;jconner21@pagesperso-orange.fr;Female;1860 Westerfield Alley
Dallas;Forst;dforst22@sciencedirect.com;Male;4 Sutherland Place
Bibby;Lampen;blampen23@bloglines.com;Female;6 Prairie Rose Junction
Adoree;Zemler;azemler24@bloomberg.com;Bigender;75461 Summit Circle
Hollyanne;Duckers;hduckers25@mtv.com;Bigender;5315 Johnson Alley
Garik;Reuben;greuben26@theglobeandmail.com;Male;74 Holmberg Lane
Rici;Saxton;rsaxton27@archive.org;Female;695 Mesta Parkway
Chip;Mulligan;cmulligan28@sun.com;Male;2 Carey Parkway
Fons;Wedderburn;fwedderburn29@mac.com;Male;510 Northview Park
Miguel;Chislett;mchislett2a@wired.com;Male;95 Garrison Terrace
Carleton;Berresford;cberresford2b@google.com.au;Male;878 Daystar Terrace
Quentin;Murt;qmurt2c@myspace.com;Female;6401 Anderson Drive
Cirillo;Ibberson;cibberson2d@nymag.com;Male;99 Fieldstone Trail
Guenevere;Skurm;gskurm2e@bbb.org;Female;67664 Butternut Way
Daile;Reckhouse;dreckhouse2f@pcworld.com;Female;049 Sauthoff Junction
Vick;Grundwater;vgrundwater2g@ameblo.jp;Male;4231 Fremont Street
Sigismundo;Vigors;svigors2h@privacy.gov.au;Polygender;9593 Jenna Crossing
Shurlocke;Bailes;sbailes2i@state.gov;Male;968 Amoth Parkway
Gale;Vasnev;gvasnev2j@toplist.cz;Female;26 Northport Court
Phoebe;Belson;pbelson2k@cbslocal.com;Bigender;587 Saint Paul Avenue
Talbert;Poulton;tpoulton2l@xrea.com;Male;25028 Stoughton Junction
Scotti;Acomb;sacomb2m@si.edu;Male;30994 Westerfield Park
Blinni;Kamenar;bkamenar2n@mysql.com;Female;147 Maple Wood Place
Elvira;Bendell;ebendell2o@people.com.cn;Female;50498 Hayes Road
Gabrielle;Stapley;gstapley2p@angelfire.com;Female;3 Ohio Drive
Jakob;Amerighi;jamerighi2q@thetimes.co.uk;Male;9 Talisman Pass
Kali;Wedge;kwedge2r@jugem.jp;Bigender;2 Northport Avenue
Wilt;Grishanin;wgrishanin2s@reverbnation.com;Male;8 Eggendart Court
Lindon;Butts;lbutts2t@oracle.com;Genderfluid;82 Knutson Plaza
Gaile;Petranek;gpetranek2u@wufoo.com;Male;5672 Derek Point
Kenn;Skoggins;kskoggins2v@weebly.com;Male;36913 Maple Wood Park
Irvine;Whitlam;iwhitlam2w@wordpress.org;Agender;07 Lunder Way
Jacquelyn;Woofendell;jwoofendell2x@si.edu;Female;057 Dawn Trail
Yorker;McCullogh;ymccullogh2y@shop-pro.jp;Male;8671 Holy Cross Crossing
Shara;Stubbs;sstubbs2z@fastcompany.com;Female;77950 Eagle Crest Terrace
Kingston;Jesper;kjesper30@friendfeed.com;Male;1 Weeping Birch Avenue
Talia;Spelman;tspelman31@nps.gov;Female;1 Novick Street
Rosana;Petruszka;rpetruszka32@huffingtonpost.com;Genderfluid;5 Northwestern Place
Caresa;Bertenshaw;cbertenshaw33@cnn.com;Female;4 Hallows Alley
Codi;Meese;cmeese34@de.vu;Male;5 Warrior Point
Roosevelt;Wikey;rwikey35@go.com;Male;2 Village Hill
Juliana;Nowakowska;jnowakowska36@si.edu;Female;755 Shopko Terrace
Allyn;Busher;abusher37@answers.com;Female;37 High Crossing Alley
Lyda;Ugoni;lugoni38@cbsnews.com;Female;845 Coolidge Crossing
Madelena;Normanvell;mnormanvell39@dyndns.org;Female;749 Sage Parkway
Jenica;Wisniewski;jwisniewski3a@mozilla.org;Female;97 Vermont Court
Clarissa;Dufore;cdufore3b@angelfire.com;Female;5765 Novick Place
Fara;Coakley;fcoakley3c@yale.edu;Female;545 Pankratz Way
Jeddy;Barkaway;jbarkaway3d@miitbeian.gov.cn;Male;66232 Brown Junction
Ag;Fawkes;afawkes3e@mlb.com;Female;32061 Tennessee Parkway
Stanwood;Apthorpe;sapthorpe3f@ameblo.jp;Bigender;81191 Oriole Terrace
Kylie;Fransson;kfransson3g@disqus.com;Male;442 Fisk Street
Menard;Stooke;mstooke3h@blogtalkradio.com;Male;426 Commercial Pass
Jarid;Meco;jmeco3i@sciencedaily.com;Male;29 Barnett Place
Janaya;Pither;jpither3j@technorati.com;Female;70532 Mcguire Park
Keary;Quarry;kquarry3k@newyorker.com;Male;2370 Cottonwood Court
Alphonse;Greenshields;agreenshields3l@tmall.com;Male;22321 Ryan Lane
Morse;Moorrud;mmoorrud3m@ask.com;Male;40582 Hazelcrest Court
Hilary;Ipwell;hipwell3n@t-online.de;Male;79558 Stang Way
Em;Threadgold;ethreadgold3o@infoseek.co.jp;Male;559 Elmside Way
Veradis;Cutts;vcutts3p@slashdot.org;Female;7246 Fairfield Way
Thadeus;Lydiate;tlydiate3q@sun.com;Male;670 2nd Point
Paddie;Whalebelly;pwhalebelly3r@boston.com;Male;75 Jenna Drive
Mano;Gollop;mgollop3s@purevolume.com;Male;0 Eggendart Hill
Daniele;Lackney;dlackney3t@freewebs.com;Female;91535 Bluejay Alley
Craig;Traill;ctraill3u@dot.gov;Male;513 Coolidge Park
Eachelle;Abbe;eabbe3v@nydailynews.com;Female;33 Schmedeman Pass
Hieronymus;Gyrgorcewicx;hgyrgorcewicx3w@techcrunch.com;Male;430 Del Sol Alley
Clayson;Ollet;collet3x@squarespace.com;Male;05468 Stuart Park
Marne;Thaller;mthaller3y@webnode.com;Female;114 Kropf Park
Latisha;Tester;ltester3z@upenn.edu;Female;91279 Eagan Point
Karlee;Rowles;krowles40@scientificamerican.com;Female;0 Express Hill
Althea;Miliffe;amiliffe41@washingtonpost.com;Female;13449 Loftsgordon Court
Cariotta;Middle;cmiddle42@jalbum.net;Female;7396 Harbort Plaza
Rosetta;Cannings;rcannings43@ibm.com;Female;1364 Park Meadow Pass
Andy;Widdowson;awiddowson44@ed.gov;Female;88683 New Castle Drive
Jeffrey;Dove;jdove45@auda.org.au;Male;82931 Arkansas Center
Cash;Liddard;cliddard46@time.com;Male;9130 Larry Point
Judas;Freeborne;jfreeborne47@nhs.uk;Male;725 Warbler Alley
Libbie;Skeermor;lskeermor48@delicious.com;Female;0 Lakeland Plaza
Jeff;Lafontaine;jlafontaine49@nbcnews.com;Male;01 Fieldstone Pass
Giovanni;Brandes;gbrandes4a@goodreads.com;Male;20 Judy Plaza
Mariann;Safhill;msafhill4b@acquirethisname.com;Female;7999 Debra Trail
Nikaniki;Chevalier;nchevalier4c@craigslist.org;Polygender;39035 Rusk Road
Phil;Abbets;pabbets4d@tripadvisor.com;Male;2 Garrison Place
Vera;Oldcote;voldcote4e@auda.org.au;Female;612 Northwestern Junction
Kit;Hurworth;khurworth4f@ehow.com;Male;1 Atwood Junction
Daphna;Fass;dfass4g@toplist.cz;Female;4063 Corry Plaza
Averill;Sheen;asheen4h@cnet.com;Male;489 Sage Plaza
Cindee;Sichardt;csichardt4i@biglobe.ne.jp;Female;64892 Esch Alley
Barnabe;Rodbourne;brodbourne4j@statcounter.com;Male;96742 Declaration Point
Jeromy;Thynn;jthynn4k@jiathis.com;Male;972 Towne Point
Lewiss;Lyal;llyal4l@lulu.com;Male;523 Commercial Place
Brade;Linnane;blinnane4m@networksolutions.com;Male;70184 Independence Parkway
Lissi;Anyon;lanyon4n@miitbeian.gov.cn;Female;93414 Birchwood Pass
Aymer;Chason;achason4o@multiply.com;Male;76148 Manufacturers Pass
Ulrick;Arnowicz;uarnowicz4p@wiley.com;Male;4386 Miller Alley
Frannie;Shemwell;fshemwell4q@reuters.com;Female;2365 Aberg Alley
Alick;McKeand;amckeand4r@patch.com;Male;43 Alpine Pass
Lindsey;Lark;llark4s@businessweek.com;Male;253 Amoth Avenue
Carole;Siegertsz;csiegertsz4t@netvibes.com;Female;91 Hoepker Terrace
Dyanna;Wyett;dwyett4u@gmpg.org;Female;732 Corben Park
Susana;Maudett;smaudett4v@miitbeian.gov.cn;Female;7 Eastwood Center
Tabb;MacNeill;tmacneill4w@fc2.com;Male;6381 Stang Way
Amalita;Gossage;agossage4x@techcrunch.com;Female;2693 Holy Cross Lane
Ingrid;Royal;iroyal4y@constantcontact.com;Female;18903 Esch Crossing
Rickie;Pennycook;rpennycook4z@parallels.com;Male;5 Hallows Road
Suzy;Cadany;scadany50@naver.com;Female;9568 Gateway Road
Erminie;Sanbrooke;esanbrooke51@techcrunch.com;Female;0 Dahle Drive
Hirsch;Crosen;hcrosen52@wisc.edu;Male;5 Vera Trail
Risa;Jayes;rjayes53@surveymonkey.com;Female;89307 Anniversary Parkway
Danya;Fanshawe;dfanshawe54@vimeo.com;Male;075 Emmet Plaza
Abbey;Iffland;aiffland55@zimbio.com;Female;5887 Dottie Plaza
Fairleigh;Edinboro;fedinboro56@php.net;Male;043 Talisman Avenue
Justino;Passe;jpasse57@tinypic.com;Male;94 Pearson Crossing
Dorothee;Gilbane;dgilbane58@apple.com;Female;1 Alpine Road
Norris;Skett;nskett59@bravesites.com;Male;4 Corscot Way
Gwendolen;Branchflower;gbranchflower5a@people.com.cn;Female;0 Badeau Crossing
Tonya;Bagguley;tbagguley5b@posterous.com;Female;63 Di Loreto Way
Vallie;Lornsen;vlornsen5c@opensource.org;Female;81718 Saint Paul Drive
Maurizio;Dykas;mdykas5d@cbslocal.com;Male;06 Kinsman Court
Valentina;Sangra;vsangra5e@ucoz.ru;Female;93236 Crest Line Place
Jammal;Martinelli;jmartinelli5f@webs.com;Male;75 Oxford Pass
Maribel;Zorzetti;mzorzetti5g@over-blog.com;Female;601 Mcbride Terrace
Hedvig;Garnett;hgarnett5h@booking.com;Female;027 Hudson Park
Lorens;MacLaren;lmaclaren5i@europa.eu;Male;964 Morning Point
Marylynne;Croysdale;mcroysdale5j@freewebs.com;Female;7149 Westerfield Road
Maxie;Brazelton;mbrazelton5k@who.int;Female;793 Hoepker Court
Gael;Brickhill;gbrickhill5l@seattletimes.com;Male;8205 Gulseth Crossing
Martha;Gameson;mgameson5m@dedecms.com;Female;7 Surrey Park
Sonya;Fippe;sfippe5n@bizjournals.com;Female;63 Grim Trail
Leo;Hinnerk;lhinnerk5o@wp.com;Male;6 Sundown Crossing
Verena;Wiersma;vwiersma5p@microsoft.com;Female;17718 Scott Junction
Bobbie;Boyack;bboyack5q@latimes.com;Male;04685 Porter Place
Valery;Barta;vbarta5r@histats.com;Female;74037 Hoffman Plaza
Ingamar;Matthewman;imatthewman5s@gnu.org;Male;4930 Sherman Place
Lindsey;Ragborne;lragborne5t@tripod.com;Male;41448 Blaine Lane
Gerhardt;Roo;groo5u@hibu.com;Male;152 Miller Road
Alonso;Fortey;afortey5v@infoseek.co.jp;Male;8285 Boyd Court
Gabriel;Pettwood;gpettwood5w@kickstarter.com;Female;7486 Hooker Parkway
Liz;Ornells;lornells5x@de.vu;Female;18182 Upham Plaza
Stu;Goldbourn;sgoldbourn5y@mysql.com;Male;87550 Barby Place
Geri;Whitby;gwhitby5z@woothemes.com;Male;4581 Monterey Trail
Marve;Secret;msecret60@networksolutions.com;Male;4424 Summer Ridge Hill
Krissy;Elgy;kelgy61@opensource.org;Female;21993 Comanche Court
Aggy;Dewi;adewi62@mtv.com;Female;9 Graedel Street
Vachel;Castille;vcastille63@miitbeian.gov.cn;Agender;9 Ramsey Trail
Glynnis;Selwyne;gselwyne64@mit.edu;Female;83 Riverside Court
Andros;Wardell;awardell65@census.gov;Male;1025 Michigan Crossing
Delcine;Petry;dpetry66@yahoo.com;Agender;543 Algoma Lane
Melisenda;Eckh;meckh67@shutterfly.com;Female;98278 Mayer Street
Cammy;Sturte;csturte68@soundcloud.com;Male;341 Roxbury Park
Sibley;Mapston;smapston69@prnewswire.com;Female;06 Daystar Parkway
Ferdie;Twomey;ftwomey6a@altervista.org;Male;5135 Darwin Pass
Darryl;Rochester;drochester6b@a8.net;Female;7584 Washington Junction
Issie;Kenen;ikenen6c@ibm.com;Female;7802 Little Fleur Center
Curran;Batcheldor;cbatcheldor6d@nps.gov;Male;833 East Way
Luigi;Gregolin;lgregolin6e@slate.com;Male;39626 Oak Valley Drive
Giuseppe;Deyenhardt;gdeyenhardt6f@netlog.com;Male;5094 Eagle Crest Alley
Dorree;Giraudo;dgiraudo6g@blogspot.com;Female;8 Bay Way
Charmain;Hehir;chehir6h@skyrock.com;Female;03844 Schlimgen Street
Andeee;Larive;alarive6i@bluehost.com;Female;0832 Independence Street
Dex;Couve;dcouve6j@macromedia.com;Agender;27 Memorial Hill
Janette;MacKeague;jmackeague6k@ebay.com;Female;1624 Dryden Plaza
Jacki;Fann;jfann6l@instagram.com;Female;678 Upham Crossing
Thomas;Dinnington;tdinnington6m@google.es;Male;70 Lyons Road
Mohammed;Presnell;mpresnell6n@theguardian.com;Male;62 Ronald Regan Trail
Tyson;Oherlihy;toherlihy6o@nih.gov;Male;4723 Hollow Ridge Trail
Ag;Pirri;apirri6p@redcross.org;Female;3 Maryland Avenue
Geordie;Varian;gvarian6q@omniture.com;Male;25771 Riverside Street
Marquita;Kenyon;mkenyon6r@ox.ac.uk;Female;966 Northwestern Alley
Vanna;McGrane;vmcgrane6s@typepad.com;Female;8 Hayes Lane
Benji;Levensky;blevensky6t@example.com;Male;07 Blue Bill Park Street
Eulalie;Aspy;easpy6u@nature.com;Female;7 Hanover Center
Sheena;Lineen;slineen6v@sogou.com;Female;0058 Morrow Court
Mandie;Beswetherick;mbeswetherick6w@webeden.co.uk;Non-binary;185 Arizona Crossing
Gav;Cuardall;gcuardall6x@oracle.com;Male;5 Lake View Street
Matthieu;Fakes;mfakes6y@mtv.com;Male;70253 Havey Lane
Rodrick;Manthroppe;rmanthroppe6z@miitbeian.gov.cn;Genderfluid;7 Warbler Street
Luz;Bertlin;lbertlin70@smh.com.au;Female;378 Valley Edge Point
Darcey;MacTeague;dmacteague71@theatlantic.com;Female;33 Bellgrove Lane
Sara-ann;Prenty;sprenty72@opensource.org;Female;372 Londonderry Plaza
Lauralee;Borsay;lborsay73@plala.or.jp;Female;581 Milwaukee Circle
Orran;O' Dooley;oodooley74@imageshack.us;Male;9936 Toban Avenue
Zelig;Lorence;zlorence75@amazon.com;Male;98884 Thierer Drive
Tate;Jzhakov;tjzhakov76@umn.edu;Male;7103 Northport Drive
Ryon;Redshaw;rredshaw77@boston.com;Male;12 Eagle Crest Lane
Walt;Pool;wpool78@mtv.com;Male;070 Ohio Drive
Kleon;Braund;kbraund79@hud.gov;Male;20 Kensington Lane
Karol;Sparrowe;ksparrowe7a@seesaa.net;Female;086 Spaight Point
Allys;McCallam;amccallam7b@dailymotion.com;Female;1119 Melvin Point
Jasmina;MacFie;jmacfie7c@umn.edu;Female;66 Brickson Park Pass
Linnea;Humphrys;lhumphrys7d@phoca.cz;Female;39209 Calypso Place
Giovanni;Reichelt;greichelt7e@csmonitor.com;Male;233 Harbort Street
Meridith;Glanert;mglanert7f@intel.com;Female;392 Lien Plaza
Cyrille;Giamitti;cgiamitti7g@de.vu;Male;0128 Macpherson Junction
Bobina;Tomowicz;btomowicz7h@1688.com;Female;42798 Mallory Road
Carlene;Hedon;chedon7i@technorati.com;Female;538 Arrowood Terrace
Brien;Corn;bcorn7j@blinklist.com;Male;143 Brown Junction
Bill;Sammon;bsammon7k@studiopress.com;Male;8 Waywood Plaza
Rosanna;Alpe;ralpe7l@wordpress.com;Female;1 Forest Lane
Kit;Ferriman;kferriman7m@domainmarket.com;Non-binary;7 Warrior Place
Weidar;Woolsey;wwoolsey7n@yellowpages.com;Male;240 Pawling Place
Winni;Elster;welster7o@google.co.jp;Genderfluid;54228 Killdeer Way
Arty;Paskerful;apaskerful7p@bing.com;Agender;2 Hooker Lane
Esma;McGrouther;emcgrouther7q@dailymotion.com;Female;171 Lake View Terrace
Ebenezer;Feather;efeather7r@spotify.com;Male;2152 Homewood Alley
El;Collishaw;ecollishaw7s@mail.ru;Male;964 Crownhardt Lane
Jillana;Sheridan;jsheridan7t@springer.com;Female;5 Bunker Hill Point
Sinclare;Iacovaccio;siacovaccio7u@amazon.co.jp;Male;6387 Sloan Hill
Urbanus;Sprulls;usprulls7v@hud.gov;Male;3474 Melody Pass
Clair;Berzon;cberzon7w@gnu.org;Male;730 American Way
Anatole;Longley;alongley7x@feedburner.com;Male;92 Forest Dale Center
Tobiah;Cleve;tcleve7y@tmall.com;Male;604 Kinsman Terrace
Jeffrey;Shilleto;jshilleto7z@barnesandnoble.com;Male;71 Burrows Terrace
Judy;Fer;jfer80@drupal.org;Female;67 Forster Circle
Pepi;Fison;pfison81@army.mil;Female;77896 Pine View Parkway
Merlina;Rushsorth;mrushsorth82@ehow.com;Female;37 Prairieview Street
Rogers;Konerding;rkonerding83@blog.com;Bigender;76007 Prairieview Avenue
Felice;Stedall;fstedall84@arstechnica.com;Female;6 Randy Pass
Alvy;Sealy;asealy85@vistaprint.com;Male;719 Stuart Way
Boniface;Axston;baxston86@nsw.gov.au;Male;444 Leroy Trail
Hersch;Flaxon;hflaxon87@webmd.com;Male;5665 Manitowish Alley
Lucilia;Braz;lbraz88@booking.com;Female;878 Westport Drive
Dorris;Jindrak;djindrak89@163.com;Female;4 Vermont Center
Barnaby;Morcom;bmorcom8a@biglobe.ne.jp;Male;097 Eagan Alley
Kin;Truluck;ktruluck8b@ycombinator.com;Male;6383 Ronald Regan Hill
Tierney;Kellet;tkellet8c@issuu.com;Female;6 Northridge Drive
Lyndel;Tabourier;ltabourier8d@nba.com;Female;93005 Mandrake Way
Barclay;Worgen;bworgen8e@netscape.com;Male;39334 Hovde Center
Abelard;Costard;acostard8f@google.com.au;Male;7084 Bunting Circle
Darbee;Starford;dstarford8g@gnu.org;Male;81 Basil Park
Freeland;Henaughan;fhenaughan8h@webeden.co.uk;Male;23514 Dunning Plaza
Freddy;Skeldinge;fskeldinge8i@admin.ch;Male;07842 Park Meadow Lane
Duffie;Storres;dstorres8j@mit.edu;Male;8 Arapahoe Circle
Eugenio;Haggerstone;ehaggerstone8k@imgur.com;Male;533 Valley Edge Hill
Angelika;Feld;afeld8l@jigsy.com;Female;84 Anzinger Park
Faber;Sagar;fsagar8m@themeforest.net;Male;6 Sunnyside Plaza
Denney;Gummory;dgummory8n@eventbrite.com;Male;63403 Blue Bill Park Pass
Luelle;Isherwood;lisherwood8o@discuz.net;Female;6 Springs Pass
Kerwin;Telfer;ktelfer8p@marriott.com;Male;4293 Erie Alley
Leonardo;Vautier;lvautier8q@bloomberg.com;Male;15 Laurel Road
Amory;McCloch;amccloch8r@ca.gov;Bigender;3911 Shoshone Alley
Faith;Nickolls;fnickolls8s@cargocollective.com;Female;87631 Buena Vista Lane
Murdock;Pullen;mpullen8t@hugedomains.com;Male;4 Muir Avenue
Noble;Hamstead;nhamstead8u@zimbio.com;Male;22326 Crescent Oaks Place
Keene;Jachimak;kjachimak8v@weibo.com;Male;6683 Memorial Park
Wheeler;McEvilly;wmcevilly8w@google.ca;Male;5402 American Ash Circle
Aubrie;Ambrosch;aambrosch8x@sfgate.com;Female;50230 Pennsylvania Circle
Felicia;Grandham;fgrandham8y@mozilla.org;Female;16 Coleman Alley
Myrtie;Lindmark;mlindmark8z@cornell.edu;Female;69676 Crowley Center
Sheena;Venmore;svenmore90@webeden.co.uk;Female;3823 Bayside Circle
Lira;Qualtrough;lqualtrough91@drupal.org;Female;612 American Ash Road
Langsdon;Dodding;ldodding92@dion.ne.jp;Male;87649 Talisman Crossing
Carmina;Ricardin;cricardin93@ihg.com;Female;82 Badeau Street
Pippy;Moulding;pmoulding94@comcast.net;Female;76 Myrtle Drive
Falito;Stonehewer;fstonehewer95@mashable.com;Bigender;08504 Sloan Plaza
Winna;Simnel;wsimnel96@hubpages.com;Female;871 Ramsey Terrace
Latia;Beaglehole;lbeaglehole97@sphinn.com;Female;42839 Fairfield Junction
Gustave;Kennington;gkennington98@nih.gov;Male;95 Elka Park
Damiano;Chaundy;dchaundy99@trellian.com;Male;173 Bayside Avenue
Guenna;Haker;ghaker9a@exblog.jp;Female;8 Reindahl Trail
Jan;Stratford;jstratford9b@eventbrite.com;Genderqueer;4 Meadow Vale Street
Alayne;Nisbith;anisbith9c@de.vu;Female;17476 Granby Park
Clyde;Arblaster;carblaster9d@home.pl;Male;76 Schmedeman Street
Alistair;McLugaish;amclugaish9e@g.co;Male;3037 Stoughton Street
Lazaro;Jenik;ljenik9f@networkadvertising.org;Agender;5 Milwaukee Hill
Emelia;Emanulsson;eemanulsson9g@last.fm;Female;4 Cardinal Court
Bastian;Drysdale;bdrysdale9h@nbcnews.com;Male;448 Mifflin Park
Luella;Escalera;lescalera9i@netvibes.com;Female;469 Buena Vista Trail
Sophronia;Lumbley;slumbley9j@wikimedia.org;Female;97 Loeprich Alley
Otes;Frail;ofrail9k@hud.gov;Male;91 Pearson Center
Viviana;Service;vservice9l@1688.com;Bigender;99552 Dennis Trail
Aggy;Fitzer;afitzer9m@moonfruit.com;Female;66 Cambridge Pass
Modesty;Jorg;mjorg9n@eepurl.com;Female;1 Westerfield Park
Leigh;Casetta;lcasetta9o@hc360.com;Male;76599 1st Parkway
Hermia;Jacox;hjacox9p@google.es;Female;8860 Spenser Hill
Cheston;Cartledge;ccartledge9q@desdev.cn;Male;71953 American Ash Lane
Milo;Ren;mren9r@seattletimes.com;Male;19054 Amoth Avenue
Nikolia;Mullins;nmullins9s@delicious.com;Female;28852 Melby Junction
Norina;Mallinson;nmallinson9t@apache.org;Female;4 Waywood Point
Charmane;Santora;csantora9u@chron.com;Female;7 Stuart Park
Filmer;Hember;fhember9v@msu.edu;Male;899 Mockingbird Street
May;Gentle;mgentle9w@mapy.cz;Female;43254 Jenifer Terrace
Clarence;Arundel;carundel9x@cyberchimps.com;Male;58348 Kedzie Trail
Armando;Copley;acopley9y@nymag.com;Male;4 Wayridge Point
Neils;Basil;nbasil9z@amazon.co.uk;Male;316 Haas Road
Moshe;Eggins;megginsa0@dell.com;Male;08092 Ohio Crossing
Jeana;Antonijevic;jantonijevica1@nationalgeographic.com;Female;50706 School Plaza
Alejandrina;Hollows;ahollowsa2@jiathis.com;Female;904 Lotheville Park
Keefe;Clara;kclaraa3@illinois.edu;Male;99482 Granby Center
Filmer;Lenz;flenza4@fc2.com;Male;0700 Old Shore Road
Seka;Farfull;sfarfulla5@ed.gov;Female;78332 Schmedeman Parkway
Sunshine;McAlindon;smcalindona6@ftc.gov;Female;40792 Saint Paul Park
Scarlett;Gillson;sgillsona7@answers.com;Female;84 Swallow Plaza
Linell;Sawter;lsawtera8@answers.com;Female;4099 Longview Point
Base;Behnen;bbehnena9@youtu.be;Male;04612 American Ash Place
Ryon;Labusquiere;rlabusquiereaa@sbwire.com;Male;4 Express Avenue
Henrie;Stoyell;hstoyellab@zimbio.com;Bigender;66 Gulseth Trail
Kristina;Emmanueli;kemmanueliac@cbslocal.com;Female;23778 Norway Maple Way
Lyell;Tuffley;ltuffleyad@cornell.edu;Male;37176 Namekagon Way
Blakelee;Mainston;bmainstonae@bloglovin.com;Female;1631 Bultman Point
Giulia;Bidgood;gbidgoodaf@phpbb.com;Genderqueer;28495 Lerdahl Road
Jessamyn;Dahmke;jdahmkeag@vimeo.com;Female;4 Karstens Trail
Tudor;Donoher;tdonoherah@bigcartel.com;Male;0 Vahlen Center
Filip;Klus;fklusai@spiegel.de;Male;804 Harbort Street
Lissy;Hasard;lhasardaj@studiopress.com;Female;985 Victoria Lane
Hieronymus;Crozier;hcrozierak@cyberchimps.com;Male;06993 Loeprich Drive
Walden;Godden;wgoddenal@wikimedia.org;Male;4010 Rieder Hill
Rik;Castillo;rcastilloam@goo.gl;Male;6 Alpine Lane
Cristobal;Philippon;cphilipponan@chron.com;Male;50848 Hayes Drive
Frannie;Hundell;fhundellao@hp.com;Non-binary;745 Jana Court
Carline;Betchley;cbetchleyap@exblog.jp;Female;4 Gulseth Lane
Jacklyn;Parkhouse;jparkhouseaq@dailymotion.com;Female;86183 Orin Terrace
Mano;Ellif;mellifar@zdnet.com;Male;8870 Maryland Terrace
Kalila;Storks;kstorksas@google.ru;Female;345 Kingsford Court
Shaylah;Pendrill;spendrillat@soundcloud.com;Female;8179 Dakota Drive
Daisey;Wolfe;dwolfeau@geocities.com;Polygender;064 Ruskin Plaza
Mason;Litster;mlitsterav@hatena.ne.jp;Polygender;65223 Roth Drive
Stan;Rebeiro;srebeiroaw@jalbum.net;Male;51741 Arizona Hill
Enrica;Donahue;edonahueax@ft.com;Female;13622 Bowman Court
Gizela;Milsom;gmilsomay@earthlink.net;Female;31667 Butterfield Pass
Cathrin;Croney;ccroneyaz@fastcompany.com;Female;03787 Kennedy Place
Bettina;Wonfar;bwonfarb0@wordpress.org;Female;19236 Stuart Center
Freida;Epgrave;fepgraveb1@ca.gov;Female;6 Arapahoe Circle
Iorgos;Dabling;idablingb2@google.nl;Bigender;1724 Armistice Avenue
Giorgio;Oller;gollerb3@tinypic.com;Male;94002 Sunfield Street
Kamilah;Bowdidge;kbowdidgeb4@wikimedia.org;Polygender;92 Ridgeway Trail
Kiri;Burbudge;kburbudgeb5@mlb.com;Female;145 Novick Pass
Emmy;Reskelly;ereskellyb6@amazonaws.com;Male;0360 Crescent Oaks Junction
Ethelda;Crosdill;ecrosdillb7@home.pl;Female;01 Arapahoe Avenue
Ariela;Rouby;aroubyb8@example.com;Female;1801 Blaine Plaza
Horten;Roston;hrostonb9@utexas.edu;Male;26 Service Drive
Karil;Langsdon;klangsdonba@imdb.com;Female;9 Mayer Place
Rubi;Lambis;rlambisbb@domainmarket.com;Female;0 Summerview Center
Casie;Penbarthy;cpenbarthybc@rediff.com;Female;61 Lindbergh Circle
Cort;Tambling;ctamblingbd@cyberchimps.com;Male;79865 Butterfield Point
Etty;Holleworth;eholleworthbe@last.fm;Female;84 Hagan Terrace
Alessandra;Hampstead;ahampsteadbf@mit.edu;Female;84752 Oak Alley
Tana;Grass;tgrassbg@hugedomains.com;Female;317 Sunbrook Way
Kerry;Chellam;kchellambh@nih.gov;Female;3533 Haas Plaza
Rickey;Howman;rhowmanbi@storify.com;Polygender;8 Mallard Terrace
Kelcey;Fahrenbach;kfahrenbachbj@fotki.com;Female;27260 Hanson Street
Celisse;Sexon;csexonbk@zimbio.com;Female;4251 Burrows Terrace
Beale;Gocke;bgockebl@narod.ru;Male;8732 Warrior Court
Bartie;Bjerkan;bbjerkanbm@mysql.com;Male;4550 Haas Road
Brittaney;Jikylls;bjikyllsbn@51.la;Female;29752 Pearson Street
Bartholemy;Horrod;bhorrodbo@is.gd;Male;72 Muir Way
William;Bisco;wbiscobp@epa.gov;Male;098 Westerfield Place
Shaun;Eastes;seastesbq@icio.us;Female;1 Melby Road
Staci;Cottel;scottelbr@techcrunch.com;Genderfluid;90 Surrey Junction
Free;Rosbotham;frosbothambs@pbs.org;Male;55 Buhler Junction
Der;Corbyn;dcorbynbt@apple.com;Male;4 Summer Ridge Road
Estevan;Dunrige;edunrigebu@businessweek.com;Male;79628 Anhalt Center
Sinclair;Cockell;scockellbv@youtu.be;Male;30645 Bashford Park
Liana;Kingsman;lkingsmanbw@mediafire.com;Female;72637 Old Shore Road
Judon;Heare;jhearebx@vinaora.com;Male;8 Miller Terrace
Shannon;Rowston;srowstonby@parallels.com;Male;4 Hoepker Hill
Agnola;Filippo;afilippobz@ed.gov;Female;7123 Reindahl Trail
Annabela;Chazette;achazettec0@howstuffworks.com;Female;87 Esker Terrace
Wye;Petranek;wpetranekc1@godaddy.com;Male;0926 Saint Paul Park
Sullivan;Athridge;sathridgec2@seattletimes.com;Male;3 Debra Junction
Issy;Avo;iavoc3@thetimes.co.uk;Female;01852 Farragut Parkway
Enriqueta;Harder;eharderc4@time.com;Female;084 Golf Crossing
Blair;Fairbank;bfairbankc5@hud.gov;Female;32062 Miller Point
Obed;Ciric;ociricc6@oakley.com;Male;1004 Westend Terrace
Kerwinn;Cassells;kcassellsc7@macromedia.com;Male;164 Hudson Trail
Leonardo;Farnell;lfarnellc8@yale.edu;Male;87520 Atwood Parkway
Madel;Americi;mamericic9@dell.com;Female;8939 Thompson Street
Tadio;Wesker;tweskerca@java.com;Male;3689 Tennyson Street
Eldridge;Shotboulte;eshotboultecb@com.com;Male;5 Sunfield Junction
Blanche;Bolle;bbollecc@rakuten.co.jp;Female;7139 Dennis Circle
Duffy;Fagence;dfagencecd@printfriendly.com;Male;653 Dovetail Drive
Willie;Jenyns;wjenynsce@netscape.com;Male;537 Mcguire Terrace
Alexandrina;Coultass;acoultasscf@businesswire.com;Female;5 Lighthouse Bay Center
Sacha;Crowther;scrowthercg@goodreads.com;Genderfluid;09226 Alpine Alley
Gerianna;Murrigan;gmurriganch@i2i.jp;Agender;8 Glendale Pass
Jarvis;MacLese;jmacleseci@cbsnews.com;Male;28285 Ludington Trail
Lila;Blades;lbladescj@adobe.com;Female;19302 Vermont Circle
Dione;Gotthard;dgotthardck@woothemes.com;Agender;23 Butterfield Crossing
Gino;Erskin;gerskincl@sohu.com;Male;14386 Twin Pines Point
Archaimbaud;Papaccio;apapacciocm@illinois.edu;Male;8389 Mallory Parkway
Zahara;Treweela;ztreweelacn@blog.com;Female;18454 Sunbrook Hill
Cherida;Guillerman;cguillermanco@gov.uk;Agender;993 Thackeray Crossing
Ab;Craster;acrastercp@example.com;Male;75 Bultman Avenue
Catherine;Kenton;ckentoncq@dropbox.com;Female;8115 Mendota Lane
Glenn;Ginn;gginncr@answers.com;Male;86076 Rutledge Crossing
Gilbertina;Rupert;grupertcs@desdev.cn;Female;36214 Westport Parkway
Astra;Bowe;abowect@opera.com;Female;3 Sage Park
Mallory;Canton;mcantoncu@google.nl;Female;4 Morrow Pass
Woodman;Yanin;wyanincv@wordpress.com;Male;8469 Tony Way
Lionel;Fishpond;lfishpondcw@java.com;Male;463 Hoepker Park
Emilia;Pre;eprecx@geocities.com;Female;45288 Riverside Court
Arin;Megson;amegsoncy@webs.com;Male;4340 Sage Place
Lola;Schruurs;lschruurscz@go.com;Female;1 Granby Drive
Oswald;Jerrems;ojerremsd0@joomla.org;Male;8 Twin Pines Street
Gabey;Cavell;gcavelld1@hhs.gov;Female;37 Blue Bill Park Drive
Winslow;Nijssen;wnijssend2@mysql.com;Male;2095 Ohio Park
Carlie;Rickwood;crickwoodd3@usa.gov;Female;515 Surrey Way
Cleon;Parrott;cparrottd4@kickstarter.com;Male;46 Everett Alley
Cassandry;Bouzan;cbouzand5@netvibes.com;Non-binary;3622 Knutson Trail
Jennee;Sotham;jsothamd6@twitpic.com;Female;91 Scott Pass
Lorianne;Scandrite;lscandrited7@tinyurl.com;Female;0 Stephen Court
Gwenny;Matlock;gmatlockd8@soundcloud.com;Female;388 Bellgrove Drive
Brendan;Partleton;bpartletond9@hc360.com;Male;18 Logan Drive
Howie;Beasley;hbeasleyda@baidu.com;Male;46232 Pleasure Avenue
Ingaberg;Semeradova;isemeradovadb@smugmug.com;Female;38 Dryden Trail
Idalia;Janz;ijanzdc@creativecommons.org;Female;40936 Sherman Drive
Siana;Shannon;sshannondd@earthlink.net;Female;491 Anderson Place
Tim;Richings;trichingsde@sfgate.com;Female;347 Moulton Way
Aubrey;Yanne;ayannedf@nytimes.com;Female;04 Randy Way
Fernando;Warrack;fwarrackdg@technorati.com;Male;6273 Jay Crossing
Angie;Colleran;acollerandh@google.pl;Male;74 Artisan Park
Julie;Pancost;jpancostdi@flavors.me;Female;5 Hollow Ridge Road
Forrester;Liddicoat;fliddicoatdj@latimes.com;Male;79347 Kingsford Park
Kermy;Gregon;kgregondk@ucsd.edu;Male;54378 Coleman Place
Chery;Wheldon;cwheldondl@bandcamp.com;Female;14 Stephen Road
Jonah;Fechnie;jfechniedm@unc.edu;Male;411 Messerschmidt Parkway
Charita;Seaward;cseawarddn@deviantart.com;Female;1 Annamark Court
Lou;Braam;lbraamdo@oaic.gov.au;Male;3 Spenser Lane
Griz;Lafferty;glaffertydp@smugmug.com;Male;036 Waywood Drive
Alyssa;Bernardeschi;abernardeschidq@google.co.jp;Female;0098 Troy Center
Gibby;Sarra;gsarradr@dailymail.co.uk;Male;47803 Gulseth Street
Rickie;Flemming;rflemmingds@ehow.com;Male;12446 Dayton Plaza
Hardy;Orans;horansdt@odnoklassniki.ru;Male;52436 Prentice Terrace
Westley;Feaks;wfeaksdu@gov.uk;Male;26 Melvin Center
Marietta;Luipold;mluipolddv@google.ru;Female;522 Division Park
Lucie;Shoosmith;lshoosmithdw@storify.com;Female;891 Canary Pass
Hieronymus;Carvill;hcarvilldx@spiegel.de;Male;6277 Derek Center
Rossy;MacDermott;rmacdermottdy@tmall.com;Male;32 Claremont Place
Kass;Vankeev;kvankeevdz@ftc.gov;Non-binary;078 Stoughton Circle
Duff;Prettyjohns;dprettyjohnse0@accuweather.com;Male;169 Oneill Circle
David;Cuming;dcuminge1@meetup.com;Non-binary;587 Norway Maple Road
Sidoney;Kendrick;skendricke2@techcrunch.com;Female;0 Nelson Point
Sarah;Wellington;swellingtone3@samsung.com;Female;11 Kropf Drive
Tristam;Purselow;tpurselowe4@naver.com;Male;83833 Center Place
Phoebe;Kershaw;pkershawe5@stanford.edu;Female;8 Elgar Drive
Jordon;Vitall;jvitalle6@house.gov;Male;59 Fremont Drive
Chaunce;Arnoult;carnoulte7@cargocollective.com;Male;6409 Melody Park
Marlon;Goodwins;mgoodwinse8@liveinternet.ru;Male;0 Montana Plaza
Milton;Lakeman;mlakemane9@ucoz.ru;Male;39 Dryden Point
Frederik;Nardoni;fnardoniea@goo.gl;Bigender;4 Monica Parkway
Cori;Tardiff;ctardiffeb@nifty.com;Male;1233 Talmadge Center
Aloysia;Gillum;agillumec@miibeian.gov.cn;Female;1 Milwaukee Hill
Modesta;Rome;mromeed@sciencedaily.com;Female;75 Carioca Junction
Luca;Giacomuzzo;lgiacomuzzoee@prweb.com;Agender;3 Corben Lane
Gabriela;Ambrose;gambroseef@biglobe.ne.jp;Female;49 Glacier Hill Crossing
Harlie;Dearth;hdeartheg@hp.com;Female;48 Summer Ridge Alley
Rosemarie;Paskerful;rpaskerfuleh@spiegel.de;Female;6243 Russell Center
Wiatt;Cases;wcasesei@xrea.com;Male;4906 Myrtle Plaza
Fidelity;Gostick;fgostickej@ca.gov;Female;05619 Spenser Terrace
Coop;Genny;cgennyek@vistaprint.com;Male;5 Starling Crossing
Shell;Sjollema;ssjollemael@altervista.org;Male;7647 Atwood Avenue
Jeri;Meddings;jmeddingsem@webmd.com;Female;1315 Straubel Plaza
Aldon;Kulas;akulasen@infoseek.co.jp;Male;416 6th Lane
Trace;Boarleyson;tboarleysoneo@lycos.com;Male;41205 Harper Crossing
Ernestus;Goreisr;egoreisrep@scribd.com;Male;6148 Sheridan Parkway
Lawrence;Rainon;lrainoneq@cloudflare.com;Male;518 Oak Valley Way
Loree;Menichillo;lmenichilloer@cafepress.com;Female;36650 East Center
Coop;Pere;cperees@bloomberg.com;Male;5 Parkside Drive
Erina;Bauchop;ebauchopet@businessinsider.com;Non-binary;32572 Sycamore Avenue
Consalve;Spinke;cspinkeeu@sbwire.com;Male;991 Stephen Trail
Maegan;Laurentino;mlaurentinoev@toplist.cz;Female;86 Waxwing Circle
Natka;Franssen;nfranssenew@hibu.com;Female;58 Pierstorff Center
Fina;Goodship;fgoodshipex@weather.com;Female;0958 Towne Plaza
Myrwyn;Howes;mhowesey@xrea.com;Male;7322 West Alley
Reynold;McCloy;rmccloyez@eepurl.com;Male;8775 Sage Place
Wernher;Kempton;wkemptonf0@t.co;Male;36285 Stang Center
Winifred;Cattle;wcattlef1@blogspot.com;Polygender;70445 Summer Ridge Crossing
Danika;Offener;doffenerf2@va.gov;Female;6683 Leroy Trail
Brigham;Akester;bakesterf3@discuz.net;Male;93360 Mallard Court
Ferdy;Borman;fbormanf4@drupal.org;Male;4 Holy Cross Park
Keriann;Gaffney;kgaffneyf5@dmoz.org;Female;562 Bay Center
Hatti;Deabill;hdeabillf6@1688.com;Female;48170 Valley Edge Street
Kamillah;Bagnold;kbagnoldf7@sogou.com;Female;36401 Park Meadow Park
Walt;Mc Meekin;wmcmeekinf8@pinterest.com;Male;46 Nelson Parkway
Stanislas;O'Currigan;socurriganf9@deliciousdays.com;Male;7 Hanover Street
Gard;Tennant;gtennantfa@qq.com;Male;1 Grover Circle
Bron;Woodstock;bwoodstockfb@studiopress.com;Male;804 Bunker Hill Road
Emlyn;Fancy;efancyfc@senate.gov;Male;53 Grasskamp Street
Ginelle;Corish;gcorishfd@hexun.com;Female;912 Johnson Trail
Goran;Heeran;gheeranfe@netlog.com;Male;773 Memorial Place
Allard;Rickhuss;arickhussff@icio.us;Male;61995 Shasta Drive
Calida;Eagleston;ceaglestonfg@nature.com;Female;93 Arkansas Parkway
Raynor;Sendley;rsendleyfh@cnet.com;Male;6530 Bluestem Crossing
Kati;Scurfield;kscurfieldfi@cnbc.com;Female;0 Monterey Hill
Benson;Tessier;btessierfj@redcross.org;Male;80 Clove Point
Richardo;Stinson;rstinsonfk@flavors.me;Male;4033 Maple Wood Junction
Vlad;Paul;vpaulfl@bandcamp.com;Male;0912 Forest Run Way
Alysa;Irce;aircefm@cafepress.com;Female;9724 Schlimgen Junction
Oliy;Marshfield;omarshfieldfn@ning.com;Polygender;7 Rockefeller Circle
Sinclare;Itzcovich;sitzcovichfo@themeforest.net;Male;6962 Burrows Hill
Rand;Reimers;rreimersfp@nps.gov;Non-binary;11420 Schurz Pass
Norri;Wardhough;nwardhoughfq@smugmug.com;Female;59 Pepper Wood Alley
Mercie;Ingry;mingryfr@abc.net.au;Female;11 Armistice Point
Lyndsey;Gotthard.sf;lgotthardsffs@livejournal.com;Female;5601 Debra Road
Horten;Henstridge;hhenstridgeft@nsw.gov.au;Male;4866 Mendota Trail
Alexia;Allitt;aallittfu@nbcnews.com;Female;41 Riverside Lane
Jackson;Barras;jbarrasfv@moonfruit.com;Male;42 Fulton Point
Lucita;Audsley;laudsleyfw@psu.edu;Female;3001 Holmberg Center
Celestina;Notti;cnottifx@wiley.com;Female;749 Lukken Circle
Mab;Kollach;mkollachfy@soundcloud.com;Female;6530 Cottonwood Parkway
Marja;MacCumeskey;mmaccumeskeyfz@imageshack.us;Female;3 Logan Point
Marv;Egglestone;megglestoneg0@reddit.com;Male;518 Bluestem Road
Asher;Strathman;astrathmang1@berkeley.edu;Male;57 Holy Cross Junction
Conway;Jedrzaszkiewicz;cjedrzaszkiewiczg2@bing.com;Male;78 Sachs Junction
Sallyanne;Wittering;switteringg3@va.gov;Female;7 Badeau Trail
Chrisse;Collip;ccollipg4@php.net;Male;8543 West Place
Collin;Nestor;cnestorg5@whitehouse.gov;Male;89 Hazelcrest Alley
Bellanca;Challis;bchallisg6@wikispaces.com;Female;14295 Trailsway Place
Eldridge;Saunier;esaunierg7@dyndns.org;Male;6077 Forest Dale Pass
Tally;Nowlan;tnowlang8@yahoo.co.jp;Female;5032 Johnson Street
Milli;Logue;mlogueg9@networksolutions.com;Female;766 Weeping Birch Parkway
Cecilio;Bernhard;cbernhardga@tamu.edu;Male;4 Crescent Oaks Crossing
Gabi;Wakeling;gwakelinggb@goo.ne.jp;Male;57 Delladonna Center
Vivi;Cottem;vcottemgc@etsy.com;Female;74 Forest Park
Zaccaria;Charlet;zcharletgd@hatena.ne.jp;Male;0 Sunnyside Crossing
Max;Woodvine;mwoodvinege@simplemachines.org;Female;385 Scofield Park
Ainslee;Grishakin;agrishakingf@slideshare.net;Non-binary;558 Calypso Parkway
Dominick;Helder;dheldergg@npr.org;Male;12 Nancy Place
Sibyl;Canceller;scancellergh@slideshare.net;Male;7777 Bobwhite Junction
Madel;Prando;mprandogi@ehow.com;Female;7994 Carioca Park
Wolfie;Burfoot;wburfootgj@eventbrite.com;Male;266 Anniversary Place
Brana;Mallock;bmallockgk@nba.com;Female;84463 Oakridge Avenue
Oswald;Klewer;oklewergl@eepurl.com;Male;660 Buena Vista Hill
Danya;Shuttlewood;dshuttlewoodgm@ftc.gov;Female;48495 Sullivan Court
Prinz;Arntzen;parntzengn@edublogs.org;Male;65 Killdeer Road
Rayshell;Hirtz;rhirtzgo@ocn.ne.jp;Female;654 Bashford Drive
Karleen;Bearward;kbearwardgp@omniture.com;Female;9 Meadow Ridge Alley
Lauralee;Jeanesson;ljeanessongq@google.com.hk;Female;70231 Judy Pass
Zulema;Haxell;zhaxellgr@sogou.com;Female;807 Straubel Junction
Ilise;Philipot;iphilipotgs@vkontakte.ru;Female;67 Bellgrove Lane
Lynelle;Dunlop;ldunlopgt@merriam-webster.com;Female;3 Sachtjen Road
Meredith;Giorgione;mgiorgionegu@uiuc.edu;Male;3052 Esker Avenue
Jsandye;Carlyle;jcarlylegv@alexa.com;Female;724 Steensland Alley
Nickolaus;Minchell;nminchellgw@imgur.com;Male;7 Sutherland Way
Gui;Curtayne;gcurtaynegx@xing.com;Female;64782 Lillian Avenue
Corette;Lavalle;clavallegy@globo.com;Female;60 Dorton Plaza
Benedetto;Klinck;bklinckgz@phpbb.com;Male;7 Vidon Street
Tommy;Sloyan;tsloyanh0@delicious.com;Female;70343 Westport Pass
Cecilla;Abrahamson;cabrahamsonh1@acquirethisname.com;Female;91769 Everett Alley
Kenna;Mugford;kmugfordh2@google.com.hk;Female;264 Green Junction
Natividad;Woolforde;nwoolfordeh3@blogs.com;Female;89 Hollow Ridge Crossing
Carma;Heinl;cheinlh4@ow.ly;Female;1 Cody Pass
Wynn;Hugonet;whugoneth5@zdnet.com;Female;6 Nobel Way
Vladimir;Grassot;vgrassoth6@delicious.com;Male;70131 Manitowish Court
Jyoti;Kent;jkenth7@alibaba.com;Female;68 Westridge Place
Robinet;Le Strange;rlestrangeh8@irs.gov;Male;957 Waxwing Circle
Ilse;Meggison;imeggisonh9@google.co.uk;Female;16893 Nelson Circle
Padraig;Gunson;pgunsonha@dion.ne.jp;Male;043 Erie Pass
Burlie;Jaulme;bjaulmehb@shareasale.com;Polygender;4881 Hanover Junction
Fay;Broadway;fbroadwayhc@archive.org;Bigender;137 Butterfield Avenue
Leoline;Galway;lgalwayhd@csmonitor.com;Female;35853 Heath Road
Tedd;Trenouth;ttrenouthhe@about.com;Male;4014 Emmet Alley
Ekaterina;Darell;edarellhf@wiley.com;Female;3 Forest Run Drive
Malinde;Wyss;mwysshg@exblog.jp;Female;7338 Waubesa Drive
Minetta;Ambridge;mambridgehh@cnet.com;Female;4041 Shelley Pass
Mira;Isaac;misaachi@bizjournals.com;Agender;5597 Shopko Court
Lurette;Axtonne;laxtonnehj@rambler.ru;Female;190 Anhalt Street
Cobbie;Munby;cmunbyhk@pen.io;Male;53 Bayside Street
Clovis;Benardeau;cbenardeauhl@1und1.de;Female;98175 Kropf Place
Wendeline;Deaconson;wdeaconsonhm@intel.com;Female;8476 Troy Pass
Hilario;Collingridge;hcollingridgehn@imageshack.us;Genderqueer;721 Arapahoe Plaza
Vic;Skylett;vskylettho@histats.com;Male;97703 Bonner Drive
Wren;Spire;wspirehp@rediff.com;Female;43678 Twin Pines Way
Jorge;Quant;jquanthq@weebly.com;Male;98842 Talmadge Court
Roddy;Raphael;rraphaelhr@scientificamerican.com;Polygender;198 Vermont Circle
Gaston;Hefner;ghefnerhs@xing.com;Male;4 Heffernan Road
Ofilia;Lorent;olorentht@reuters.com;Female;640 Butterfield Court
Lanni;Amoss;lamosshu@seesaa.net;Female;01931 Prentice Plaza
Nancee;Gettings;ngettingshv@ucoz.ru;Female;2 5th Alley
Orsola;Labram;olabramhw@sphinn.com;Female;7 Debs Parkway
Joanne;Bosche;jboschehx@unc.edu;Female;669 Scoville Plaza
Kendrick;Ranns;krannshy@guardian.co.uk;Male;73654 Holmberg Point
Elysia;Thumnel;ethumnelhz@digg.com;Female;156 Merrick Street
Bonni;Yurikov;byurikovi0@google.it;Female;550 Crowley Drive
Katleen;Papierz;kpapierzi1@skyrock.com;Female;6 Stang Center
Jacinthe;Brooksbank;jbrooksbanki2@homestead.com;Bigender;05 Division Place
Jeana;Vasilmanov;jvasilmanovi3@goo.gl;Non-binary;96497 Chinook Street
Hazlett;Tale;htalei4@photobucket.com;Male;1 Melrose Trail
Norina;Cockerton;ncockertoni5@bravesites.com;Female;0 Green Ridge Junction
Silvain;Swaysland;sswayslandi6@flickr.com;Male;2253 Northridge Drive
Carlo;Milan;cmilani7@amazon.co.jp;Male;14039 Golf View Plaza
Hamnet;Eglinton;heglintoni8@usnews.com;Male;13901 Arapahoe Center
Mavra;Hagan;mhagani9@comcast.net;Female;268 Springs Plaza
Deborah;Eiler;deileria@netlog.com;Female;43854 Colorado Pass
Ursa;Rivard;urivardib@sciencedirect.com;Bigender;387 Manufacturers Circle
Noelyn;Voden;nvodenic@amazon.com;Female;63 Cherokee Road
Jo-ann;Bartosek;jbartosekid@zimbio.com;Female;9083 Hovde Junction
Danna;Padmore;dpadmoreie@samsung.com;Female;0861 Gateway Park
Kendrick;Battrum;kbattrumif@bigcartel.com;Male;881 Michigan Junction
Stinky;Evetts;sevettsig@nps.gov;Male;33 Coleman Hill
Rhody;Keese;rkeeseih@sfgate.com;Female;37 Sloan Park
Jo;O' Donohoe;jodonohoeii@wix.com;Female;44580 Basil Street
Annora;Cheng;achengij@vkontakte.ru;Female;1475 Warbler Circle
Eugenio;Kleinmann;ekleinmannik@businesswire.com;Male;103 Hoard Pass
Bone;Hamblen;bhamblenil@timesonline.co.uk;Male;4715 Ridgeway Way
Malvina;Stivers;mstiversim@slashdot.org;Female;15984 Porter Pass
Kandace;Hefferon;khefferonin@paypal.com;Polygender;80 American Ash Way
Liv;Kernell;lkernellio@tumblr.com;Female;01104 Schurz Way
Any;Frontczak;afrontczakip@godaddy.com;Male;66 Melrose Point
Carlynne;Jerg;cjergiq@naver.com;Genderqueer;4 Hazelcrest Road
Louie;Linggard;llinggardir@bloglovin.com;Male;33 Golf Parkway
Cheston;Forsey;cforseyis@topsy.com;Male;12 Green Ridge Crossing
Denys;Perl;dperlit@google.pl;Male;833 Northport Crossing
Ingelbert;Raine;iraineiu@elpais.com;Male;20724 Summerview Drive
Patrizio;Priver;ppriveriv@paypal.com;Male;49 Wayridge Place
Lexis;Baldi;lbaldiiw@networksolutions.com;Female;0 Sheridan Place
Mel;McPeck;mmcpeckix@fastcompany.com;Female;56 Cardinal Court
Kalinda;Biddlestone;kbiddlestoneiy@merriam-webster.com;Genderfluid;251 Sheridan Drive
Trefor;Geldeard;tgeldeardiz@ed.gov;Male;75 Sutherland Plaza
Diarmid;Gawler;dgawlerj0@theatlantic.com;Male;1 Northwestern Parkway
Anett;McGeffen;amcgeffenj1@jalbum.net;Female;6637 Lake View Lane
Issie;Fancutt;ifancuttj2@cpanel.net;Female;4021 Towne Plaza
Orsa;Dyerson;odyersonj3@google.co.jp;Genderfluid;1 Fisk Terrace
Anastasie;Breach;abreachj4@multiply.com;Bigender;57069 Anniversary Plaza
Dodi;Chatenet;dchatenetj5@google.fr;Female;70004 Hagan Terrace
Gregg;Sharer;gsharerj6@zdnet.com;Male;777 Melrose Parkway
Paddie;Earp;pearpj7@amazon.co.uk;Male;15433 Paget Drive
Konstanze;Wrankling;kwranklingj8@angelfire.com;Female;6 Monument Center
Peirce;Blacksland;pblackslandj9@networksolutions.com;Male;28951 Charing Cross Pass
Englebert;Clewett;eclewettja@washingtonpost.com;Male;76 La Follette Park
Catlee;Sivyour;csivyourjb@qq.com;Female;100 Waubesa Pass
Ambur;Aughtie;aaughtiejc@is.gd;Female;783 New Castle Pass
Lynnea;Ellerman;lellermanjd@live.com;Bigender;42 Kensington Center
Shandee;Nolleau;snolleauje@woothemes.com;Female;1 Fair Oaks Parkway
Hewet;Whate;hwhatejf@netscape.com;Male;41623 Heath Hill
Erick;Sjostrom;esjostromjg@g.co;Genderfluid;2987 Logan Avenue
Glen;Heims;gheimsjh@dion.ne.jp;Female;7741 Forest Road
Feodor;Mosen;fmosenji@pinterest.com;Male;08 Spohn Pass
Patric;Flockhart;pflockhartjj@booking.com;Male;7241 Talisman Terrace
Karoly;Silbert;ksilbertjk@nbcnews.com;Female;4679 Anderson Trail
Melvin;Poundsford;mpoundsfordjl@cbc.ca;Male;14221 Vernon Lane
Marchall;Gero;mgerojm@utexas.edu;Male;220 6th Avenue
Harrison;Godfray;hgodfrayjn@fema.gov;Male;54635 New Castle Avenue
Hobard;McMenemy;hmcmenemyjo@fema.gov;Male;8912 Sherman Circle
Gabi;Linwood;glinwoodjp@wordpress.org;Female;49 Everett Terrace
Miles;Ainsby;mainsbyjq@cmu.edu;Genderqueer;22614 Erie Drive
Killie;Coster;kcosterjr@people.com.cn;Genderfluid;4 Little Fleur Pass
Noelle;Selwood;nselwoodjs@guardian.co.uk;Female;1240 Melby Terrace
Kristofer;Jess;kjessjt@google.fr;Male;73646 Donald Place
Daffie;Gorsse;dgorsseju@biglobe.ne.jp;Female;5170 Elmside Avenue
Margo;Fitzsimons;mfitzsimonsjv@tumblr.com;Female;60210 Lindbergh Hill
Minerva;Thynne;mthynnejw@vk.com;Genderfluid;95 Monica Trail
Catrina;Sneath;csneathjx@fc2.com;Polygender;49 Lakewood Gardens Parkway
Mozes;Durnill;mdurnilljy@prlog.org;Genderfluid;587 Ryan Avenue
Coleen;Oxbie;coxbiejz@barnesandnoble.com;Female;03330 Kings Avenue
Esta;Giacomucci;egiacomuccik0@de.vu;Female;3 Algoma Avenue
Margaretta;Fallanche;mfallanchek1@ucoz.com;Female;7611 Sullivan Crossing
Court;Druett;cdruettk2@mashable.com;Male;253 Southridge Lane
Fee;Boullen;fboullenk3@last.fm;Male;18 John Wall Center
Gris;Meaker;gmeakerk4@spiegel.de;Male;12357 Thierer Street
Audi;Garnett;agarnettk5@1688.com;Female;3 Center Drive
Zitella;Sola;zsolak6@ox.ac.uk;Genderfluid;6789 Lindbergh Circle
Alvis;Tuffey;atuffeyk7@gizmodo.com;Bigender;5 Vermont Drive
Dolf;Laherty;dlahertyk8@nasa.gov;Male;67 Mayer Center
Casie;Grady;cgradyk9@google.it;Female;7901 Mifflin Avenue
Westbrooke;Bollen;wbollenka@odnoklassniki.ru;Male;85 Bunting Avenue
Patrizio;Leask;pleaskkb@woothemes.com;Male;47349 Eastlawn Drive
Danni;Seiller;dseillerkc@free.fr;Female;88 Corry Drive
Aprilette;Dignam;adignamkd@nyu.edu;Female;88 Ohio Terrace
Sybil;Ruckledge;sruckledgeke@jimdo.com;Female;3187 Starling Road
Theobald;Ivanyushkin;tivanyushkinkf@printfriendly.com;Male;08197 Waxwing Drive
Gradey;Marin;gmarinkg@etsy.com;Male;833 Anniversary Parkway
Calla;Simeoni;csimeonikh@scribd.com;Female;055 1st Drive
Melania;Ladloe;mladloeki@printfriendly.com;Genderqueer;84 Kingsford Court
Domingo;McCaughan;dmccaughankj@smh.com.au;Male;996 Burrows Center
Melodie;Doxsey;mdoxseykk@earthlink.net;Female;07 Jenifer Hill
Claresta;Markie;cmarkiekl@aboutads.info;Non-binary;93645 Karstens Pass
Modesta;Sayce;msaycekm@archive.org;Genderfluid;4 Mariners Cove Hill
Electra;Stolz;estolzkn@youtu.be;Female;01832 Green Ridge Park
Farly;Yurchishin;fyurchishinko@netlog.com;Male;2 Grim Junction
Marylynne;Coventry;mcoventrykp@multiply.com;Female;37396 Kennedy Circle
Barnabe;Dorkin;bdorkinkq@va.gov;Male;5694 Garrison Plaza
Marketa;McGilbon;mmcgilbonkr@weibo.com;Female;54144 Grim Circle
Roberto;McDermid;rmcdermidks@rediff.com;Male;63785 Westend Road
Emelen;Belli;ebellikt@spiegel.de;Male;2 Bayside Trail
Engracia;Britto;ebrittoku@examiner.com;Genderqueer;640 Artisan Crossing
Eugenius;Clamp;eclampkv@twitpic.com;Male;31 Cambridge Junction
Gil;Halward;ghalwardkw@vkontakte.ru;Male;926 David Road
Karilynn;Drain;kdrainkx@desdev.cn;Female;58 West Alley
Sheff;Tanby;stanbyky@dropbox.com;Male;7 Luster Park
Star;Ancketill;sancketillkz@opera.com;Female;460 Burning Wood Junction
Kailey;Firpi;kfirpil0@chron.com;Female;73 Lien Way
Alexandra;Jaynes;ajaynesl1@nydailynews.com;Genderfluid;0493 Scoville Road
Garret;Antcliff;gantcliffl2@mediafire.com;Male;509 School Trail
Tabbi;Garmanson;tgarmansonl3@mozilla.org;Female;2 Fordem Pass
King;Huyhton;khuyhtonl4@cornell.edu;Male;2 Vera Circle
Denys;Kubicki;dkubickil5@goodreads.com;Female;53 Graceland Way
Kerwinn;Warrick;kwarrickl6@ustream.tv;Male;05 Superior Park
Agnes;Treweek;atreweekl7@trellian.com;Female;143 Declaration Road
Lammond;Hurley;lhurleyl8@weather.com;Male;2 Truax Place
Dillon;Marriner;dmarrinerl9@over-blog.com;Male;36525 Mcbride Park
Xena;Laurenty;xlaurentyla@spiegel.de;Female;9583 Holy Cross Terrace
Paolina;Kale;pkalelb@wisc.edu;Female;63 Lake View Junction
Ali;Woolger;awoolgerlc@hc360.com;Male;9701 Ridgeway Alley
Kaine;Durante;kduranteld@usa.gov;Male;0 Steensland Road
Missy;Steers;msteersle@qq.com;Genderfluid;896 Spohn Junction
Desi;Thomtson;dthomtsonlf@shinystat.com;Genderfluid;23 Ridgeway Plaza
Loy;Janata;ljanatalg@msu.edu;Male;9831 Center Drive
Auberon;Leatherland;aleatherlandlh@pen.io;Male;18 School Center
Charita;De Haven;cdehavenli@washington.edu;Female;98 Goodland Alley
Konstanze;Jodlkowski;kjodlkowskilj@miitbeian.gov.cn;Agender;271 Del Mar Way
Robinette;Wellwood;rwellwoodlk@360.cn;Female;3 Buhler Trail
Dee dee;Konzelmann;dkonzelmannll@oaic.gov.au;Female;12503 Fieldstone Center
Georgie;Rait;graitlm@cnn.com;Bigender;69 Brown Trail
Bart;Lowman;blowmanln@theatlantic.com;Male;76778 Longview Lane
Rica;Orr;rorrlo@friendfeed.com;Female;559 Sutteridge Crossing
Ada;Woolaghan;awoolaghanlp@feedburner.com;Female;3 Elka Drive
Neal;Proughten;nproughtenlq@google.cn;Male;72621 Farwell Drive
Sisely;Bulteel;sbulteellr@newsvine.com;Female;568 Burning Wood Crossing
Garry;Steet;gsteetls@prlog.org;Male;0787 Schurz Parkway
Hill;Nasi;hnasilt@amazon.com;Male;0687 Almo Parkway
Boycey;Jewster;bjewsterlu@gmpg.org;Male;863 Nobel Parkway
Mariska;Vinter;mvinterlv@plala.or.jp;Female;82 Hallows Hill
Cornall;Enticott;centicottlw@webnode.com;Male;7 Lakeland Park
Emmery;Paik;epaiklx@home.pl;Male;41620 Kropf Avenue
Goober;Eilhermann;geilhermannly@ifeng.com;Male;60 Mcguire Parkway
Allyson;McEwen;amcewenlz@twitter.com;Female;07 Hudson Alley
Dasi;McSpirron;dmcspirronm0@google.ru;Female;02421 Prentice Plaza
Guinevere;Franks;gfranksm1@usgs.gov;Female;67039 Drewry Park
Tracie;Bricknall;tbricknallm2@hhs.gov;Female;05668 Sutherland Parkway
William;Bulle;wbullem3@nbcnews.com;Male;0837 Columbus Park
Klara;Sendall;ksendallm4@cdbaby.com;Bigender;87388 Sutteridge Pass
Karel;O'Connell;koconnellm5@globo.com;Female;4527 Sunfield Way
Nadya;L' Anglois;nlangloism6@cmu.edu;Female;26 Porter Park
Lyell;Champe;lchampem7@free.fr;Male;15069 1st Alley
Steward;Boshell;sboshellm8@topsy.com;Male;6074 Atwood Way
Edgardo;Brisson;ebrissonm9@mlb.com;Male;6413 Jana Junction
Nerta;Yeell;nyeellma@reverbnation.com;Female;221 Lawn Plaza
Krista;Bladesmith;kbladesmithmb@princeton.edu;Female;9 Marcy Trail
Esra;Goodbarr;egoodbarrmc@craigslist.org;Male;8 Stuart Lane
Philippine;Norridge;pnorridgemd@sogou.com;Female;61184 Hermina Parkway
Agnola;Miguel;amiguelme@seattletimes.com;Female;9 Hudson Pass
Spike;Wohlers;swohlersmf@icq.com;Male;86304 Elka Park
Carolyne;Duchart;cduchartmg@amazon.co.uk;Female;22018 Namekagon Drive
Dewain;Fiddymont;dfiddymontmh@walmart.com;Male;60 Hallows Place
Anjanette;Chapling;achaplingmi@gmpg.org;Female;918 Northport Avenue
Cleopatra;Gwyer;cgwyermj@furl.net;Female;10609 Birchwood Drive
Ailey;Dutnall;adutnallmk@sohu.com;Female;179 Surrey Circle
Grannie;Rowthorne;growthorneml@last.fm;Male;16086 Elka Alley
Janean;Castletine;jcastletinemm@gnu.org;Female;2424 Meadow Vale Road
Hamlen;Mercy;hmercymn@canalblog.com;Male;36663 Monica Point
Rorke;Largen;rlargenmo@google.it;Male;05321 Hoffman Place
Revkah;Glynn;rglynnmp@barnesandnoble.com;Female;97 Hintze Crossing
Israel;Bowsher;ibowshermq@biblegateway.com;Male;436 Loftsgordon Pass
Catina;Townsend;ctownsendmr@123-reg.co.uk;Female;4647 Melby Way
Jordain;MacMenamin;jmacmenaminms@networkadvertising.org;Female;30437 Esker Pass
Artair;Collacombe;acollacombemt@hao123.com;Male;29 Kings Alley
Florrie;Forten;ffortenmu@wikipedia.org;Female;13500 Morrow Plaza
Cale;Husset;chussetmv@xrea.com;Polygender;8335 Northport Drive
Farr;Hovee;fhoveemw@usgs.gov;Male;7175 Sommers Crossing
Ichabod;Kitteringham;ikitteringhammx@deviantart.com;Male;0698 Saint Paul Way
Worthington;Campany;wcampanymy@soundcloud.com;Male;76288 Maywood Hill
Nomi;McDougle;nmcdouglemz@aboutads.info;Female;1202 Stephen Plaza
Standford;Isacoff;sisacoffn0@mac.com;Male;62597 South Parkway
Philip;Bohin;pbohinn1@house.gov;Male;40222 Oneill Point
Daisi;Sweetnam;dsweetnamn2@vinaora.com;Female;0 Oneill Center
Demetris;Jan;djann3@dailymotion.com;Female;5 Dryden Junction
Eunice;Pulham;epulhamn4@netscape.com;Female;96044 Larry Way
Andriana;Younger;ayoungern5@nyu.edu;Female;66 Ryan Point
Wileen;Stonbridge;wstonbridgen6@mozilla.com;Female;460 Coleman Park
Dionis;Atlee;datleen7@bbc.co.uk;Genderqueer;19 Northview Lane
Ashby;Gillyatt;agillyattn8@sina.com.cn;Male;7 Wayridge Alley
Hadleigh;Vazquez;hvazquezn9@cmu.edu;Male;0 Kennedy Parkway
Garrot;Webben;gwebbenna@marriott.com;Male;9462 Charing Cross Court
Rog;Muttitt;rmuttittnb@google.com.br;Male;8 Dottie Alley
Fraser;Simonato;fsimonatonc@usgs.gov;Male;6925 Hovde Plaza
Johannah;Avrahamov;javrahamovnd@ucoz.ru;Female;69955 Express Street
Kym;Lage;klagene@theglobeandmail.com;Female;66 Jenna Pass
Andy;Di Giacomettino;adigiacomettinonf@wikipedia.org;Female;56639 Gale Park
Elias;Ghidelli;eghidelling@ezinearticles.com;Male;4081 Mockingbird Pass
Hollis;Atheis;hatheisnh@amazonaws.com;Male;80981 Corscot Circle
Ivan;Sante;isanteni@shinystat.com;Bigender;1 Washington Crossing
Herc;Halse;hhalsenj@miitbeian.gov.cn;Male;5 Commercial Way
Yorgos;Wyldes;ywyldesnk@amazon.co.jp;Male;46 Tennessee Place
Roddie;Formby;rformbynl@marketwatch.com;Male;09 Transport Pass
Chadd;Milborn;cmilbornnm@boston.com;Male;396 Dorton Terrace
Liane;Jope;ljopenn@discuz.net;Female;217 Redwing Plaza
Jamie;Walters;jwaltersno@eventbrite.com;Female;8566 Katie Parkway
Jackquelin;Scawn;jscawnnp@businesswire.com;Polygender;3922 Schlimgen Alley
Raffaello;Bernocchi;rbernocchinq@latimes.com;Male;4 Service Court
Vin;Viccary;vviccarynr@taobao.com;Female;332 Thierer Street
Terra;Belliss;tbellissns@samsung.com;Female;2 Fallview Plaza
Dougie;McBeath;dmcbeathnt@ask.com;Agender;52667 Hoard Way
Ravi;Batchley;rbatchleynu@nifty.com;Male;692 Northwestern Street
Moritz;Luigi;mluiginv@cornell.edu;Male;11737 Hoepker Drive
Katey;McConnel;kmcconnelnw@java.com;Female;69 Nevada Road
Oates;Camelia;ocamelianx@theglobeandmail.com;Male;46703 Karstens Court
Donal;Dudlestone;ddudlestoneny@ucla.edu;Male;25 Duke Center
Saree;Millhouse;smillhousenz@tripod.com;Agender;00200 Scott Parkway
Yehudi;Mayor;ymayoro0@springer.com;Male;55 Packers Point
Adham;Mundee;amundeeo1@ovh.net;Male;8789 Hoard Plaza
Lyman;Pires;lpireso2@artisteer.com;Male;5 Crowley Point
Sampson;Lurriman;slurrimano3@sfgate.com;Male;5226 Anhalt Point
Oralla;Whoolehan;owhoolehano4@last.fm;Female;29719 Toban Circle
Jermain;Tubbs;jtubbso5@yellowbook.com;Male;2 Bultman Point
Shadow;Eadmead;seadmeado6@house.gov;Male;60676 Oak Street
Katharine;Jills;kjillso7@pcworld.com;Female;6 Clarendon Plaza
Joeann;Borg;jborgo8@squarespace.com;Genderfluid;198 Carberry Avenue
Moise;Oscroft;moscrofto9@pen.io;Male;3240 Lighthouse Bay Trail
Ainsley;Luff;aluffoa@google.ca;Female;88 Helena Lane
Rorke;MacColgan;rmaccolganob@yellowbook.com;Male;45555 Vermont Lane
Sheilakathryn;Fladgate;sfladgateoc@networkadvertising.org;Female;017 5th Park
Amandy;Blanden;ablandenod@miibeian.gov.cn;Female;0 Schurz Drive
Nevile;Buller;nbulleroe@reference.com;Male;513 Blackbird Road
Wright;Ceillier;wceillierof@artisteer.com;Male;3327 Monterey Circle
Eydie;Yankin;eyankinog@blog.com;Female;918 Larry Trail
Fredra;Castiglione;fcastiglioneoh@google.com.hk;Female;2706 North Parkway
Hugues;Ghiron;hghironoi@dailymotion.com;Male;0 Mccormick Lane
Floris;Smorfit;fsmorfitoj@hp.com;Female;5 Carioca Pass
Lucretia;Kaszper;lkaszperok@dedecms.com;Female;44559 Debra Alley
Annadiana;Darby;adarbyol@go.com;Female;7 Arkansas Circle
Desiree;Dat;ddatom@t-online.de;Female;042 Sunnyside Pass
Phaidra;Cullrford;pcullrfordon@amazon.com;Female;95 Doe Crossing Parkway
Calhoun;Schott;cschottoo@infoseek.co.jp;Male;62457 Continental Junction
Joane;Coger;jcogerop@va.gov;Genderfluid;83768 Nelson Way
Padriac;Remmers;premmersoq@biglobe.ne.jp;Male;3 Packers Circle
Indira;Skule;iskuleor@nyu.edu;Female;52 Lien Place
Urson;Jorgensen;ujorgensenos@printfriendly.com;Male;556 Ludington Road
Pearl;Mundow;pmundowot@lycos.com;Female;48 Main Center
Christi;Sergeaunt;csergeauntou@deliciousdays.com;Female;0672 David Road
Cindee;Szepe;cszepeov@census.gov;Female;6 Oriole Street
Llywellyn;Gorringe;lgorringeow@privacy.gov.au;Male;17 Green Junction
Hermina;Bunworth;hbunworthox@xinhuanet.com;Polygender;69453 Dwight Circle
Lissi;Parzizek;lparzizekoy@etsy.com;Female;1044 Larry Trail
Nanine;McAster;nmcasteroz@ebay.co.uk;Female;1 Fulton Road
Cletis;Malinowski;cmalinowskip0@europa.eu;Male;3 Starling Avenue
Brooke;Shimoni;bshimonip1@dropbox.com;Male;95 Cascade Pass
Coretta;Cardenosa;ccardenosap2@goo.gl;Female;93284 Merchant Avenue
Sidonia;Vickar;svickarp3@g.co;Female;8413 Little Fleur Way
Clayson;Osgorby;cosgorbyp4@un.org;Male;8144 Browning Hill
Clement;Stairmand;cstairmandp5@huffingtonpost.com;Male;4791 Sherman Lane
Alford;Burburough;aburburoughp6@sbwire.com;Male;31 Judy Avenue
Zaccaria;Mephan;zmephanp7@godaddy.com;Male;4 Fulton Point
Octavia;Iveagh;oiveaghp8@nbcnews.com;Female;238 Gateway Point
Antonino;Laye;alayep9@weibo.com;Male;4928 Farragut Hill
Mohandas;Mottley;mmottleypa@mozilla.com;Male;2615 Surrey Way
Vlad;Inge;vingepb@google.co.uk;Male;3198 Rutledge Road
Had;Huscroft;hhuscroftpc@wordpress.com;Male;25076 Magdeline Lane
Alvin;Winny;awinnypd@google.com.au;Male;882 Northwestern Drive
Linus;Pillans;lpillanspe@about.me;Male;52191 Holmberg Parkway
Erinna;Grigoriev;egrigorievpf@bbb.org;Female;455 Del Sol Trail
Hynda;Bramwich;hbramwichpg@eventbrite.com;Female;46 Spohn Park
Lisabeth;Bewick;lbewickph@etsy.com;Female;7172 Ludington Way
Lazaro;Girodier;lgirodierpi@topsy.com;Male;5148 Main Point
Brewer;Iiannoni;biiannonipj@ox.ac.uk;Male;4232 Utah Place
Duff;Issakov;dissakovpk@usnews.com;Male;2 Summerview Trail
Jacques;McEntegart;jmcentegartpl@is.gd;Male;0135 Fuller Court
Paten;Holdey;pholdeypm@marketwatch.com;Male;05872 Becker Drive
Reeva;Trye;rtryepn@google.com.au;Female;321 Crownhardt Crossing
Vinni;Gounin;vgouninpo@chicagotribune.com;Female;34102 Arrowood Center
Glen;Woodwin;gwoodwinpp@ihg.com;Male;965 Susan Lane
Konstantine;Swaffield;kswaffieldpq@reddit.com;Male;16907 Luster Avenue
Francois;Shillom;fshillompr@opera.com;Male;5 Shasta Street
Nelie;Faull;nfaullps@sina.com.cn;Female;847 Mendota Way
Bastien;Charity;bcharitypt@rambler.ru;Male;45 Barby Plaza
Jan;Luttger;jluttgerpu@home.pl;Bigender;065 Iowa Circle
Jack;McManamon;jmcmanamonpv@csmonitor.com;Male;19395 Dayton Park
Crystal;Orsay;corsaypw@nyu.edu;Female;3 Leroy Street
Keen;Rohloff;krohloffpx@cbsnews.com;Male;85 Rockefeller Place
Purcell;Clewer;pclewerpy@list-manage.com;Male;55 Bultman Road
Gerik;Stanislaw;gstanislawpz@mapquest.com;Male;32 American Ash Road
Ivonne;Lerhinan;ilerhinanq0@tamu.edu;Female;3922 Anderson Center
Ondrea;Dood;odoodq1@ebay.com;Female;8 Leroy Terrace
Leone;Mickan;lmickanq2@umich.edu;Female;39 Talmadge Court
Tonya;Housden;thousdenq3@nih.gov;Female;78 Miller Alley
Elke;Kinghorn;ekinghornq4@sohu.com;Bigender;9 Farmco Terrace
Zora;Shevelin;zshevelinq5@un.org;Female;47877 Debra Terrace
Felice;Foldes;ffoldesq6@guardian.co.uk;Female;2271 Bonner Circle
Keary;Cannicott;kcannicottq7@elpais.com;Male;81 Cottonwood Place
Heddie;Gulleford;hgullefordq8@theatlantic.com;Female;7 Hoffman Way
Ardeen;Hinzer;ahinzerq9@mlb.com;Female;12405 Messerschmidt Crossing
Hewe;Baudon;hbaudonqa@fc2.com;Male;7064 2nd Place
Calypso;Scotland;cscotlandqb@reference.com;Non-binary;5 Randy Point
Philip;Braidman;pbraidmanqc@blogspot.com;Male;10 Burning Wood Hill
Modestia;Carnson;mcarnsonqd@java.com;Female;14924 North Court
Jeremiah;Saladino;jsaladinoqe@bigcartel.com;Male;2910 Burrows Center
Terrel;Dowrey;tdowreyqf@nhs.uk;Male;05 Surrey Junction
Pierre;Welband;pwelbandqg@nyu.edu;Male;824 Kedzie Court
Lyon;Cozens;lcozensqh@godaddy.com;Male;57604 West Drive
Allene;Durno;adurnoqi@bloglovin.com;Female;40 Fair Oaks Way
Jaye;Shearmer;jshearmerqj@wikispaces.com;Male;98818 Graceland Alley
Doyle;Cliff;dcliffqk@dell.com;Male;74103 Fremont Alley
Josefina;Batterham;jbatterhamql@photobucket.com;Female;5 Bowman Parkway
Arny;Betterton;abettertonqm@hao123.com;Male;4 Porter Way
Carmelia;Jerram;cjerramqn@comcast.net;Female;44968 Moose Parkway
Wilhelmine;De La Cote;wdelacoteqo@bigcartel.com;Female;6963 Melby Center
Miguel;Shorthouse;mshorthouseqp@mac.com;Male;17 East Center
Kamila;Ridge;kridgeqq@yellowpages.com;Female;716 Morrow Alley
Wanda;Westcott;wwestcottqr@imageshack.us;Female;10 Marquette Pass
Rockie;Gatheridge;rgatheridgeqs@oaic.gov.au;Polygender;95958 Dorton Avenue
Sheppard;Owain;sowainqt@tamu.edu;Male;1 Pennsylvania Drive
Daryle;Bill;dbillqu@4shared.com;Male;2560 Cambridge Hill
Pancho;Giacubo;pgiacuboqv@spiegel.de;Male;265 Johnson Place
Bartolomeo;Lammerich;blammerichqw@about.me;Male;433 Oxford Pass
Karlis;Macvey;kmacveyqx@cmu.edu;Male;57131 Wayridge Point
Barris;Ludl;bludlqy@t.co;Male;8263 Southridge Terrace
Sibeal;Sunners;ssunnersqz@zdnet.com;Female;69885 David Point
Chaddy;Presnail;cpresnailr0@fastcompany.com;Male;19 Mcguire Plaza
Anstice;Keems;akeemsr1@bbc.co.uk;Female;4 Mitchell Point
Ariadne;Maybury;amayburyr2@bbb.org;Female;75 Anhalt Drive
Winnie;Gabits;wgabitsr3@marketwatch.com;Agender;11558 Reinke Pass
Russell;Stachini;rstachinir4@dailymail.co.uk;Male;1 Redwing Crossing
Nicolette;Chastaing;nchastaingr5@nih.gov;Female;118 Corry Hill
Rock;Dryden;rdrydenr6@fastcompany.com;Male;0 Shoshone Trail
Tyson;Andreotti;tandreottir7@ovh.net;Male;377 Columbus Lane
Norman;Youtead;nyouteadr8@slate.com;Male;88822 Westerfield Street
Ferris;Abramov;fabramovr9@wix.com;Male;82125 Birchwood Park
Mikey;O'Lyhane;molyhanera@foxnews.com;Male;84983 Summer Ridge Terrace
Aubine;Alpin;aalpinrb@tamu.edu;Female;978 Sachs Alley
Ania;Quest;aquestrc@baidu.com;Female;62614 Veith Drive
Eolande;Blowin;eblowinrd@statcounter.com;Female;67 Cottonwood Street
Amberly;Kineton;akinetonre@apple.com;Female;07 Mosinee Park
Tomasina;Hexum;thexumrf@phoca.cz;Female;3271 Marcy Drive
Munmro;Kleewein;mkleeweinrg@foxnews.com;Genderqueer;246 Burrows Junction
Quintus;Bowich;qbowichrh@cpanel.net;Male;72 Eagan Road
Erastus;Heindle;eheindleri@google.es;Male;67007 Jay Junction
Rollins;Arlow;rarlowrj@nasa.gov;Male;308 Morningstar Place
Lavinie;Lamprecht;llamprechtrk@wp.com;Female;27501 Artisan Park
Audrie;Dust;adustrl@barnesandnoble.com;Female;60 Anhalt Center
Gracia;Skrzynski;gskrzynskirm@amazon.co.jp;Female;9 Farragut Hill
Sher;Catterall;scatterallrn@state.gov;Female;3257 Rutledge Road
Rhoda;Osbiston;rosbistonro@unesco.org;Female;44728 Londonderry Crossing
Joice;Tremmil;jtremmilrp@cargocollective.com;Female;6688 Mifflin Way
Heidie;Pannaman;hpannamanrq@delicious.com;Female;325 Westport Place
Haskel;Hay;hhayrr@usa.gov;Male;24586 Glacier Hill Center
